{
    "(2,2)": {
        "autocorrelation_times": [
            17.24593489,
            19.75596196,
            62.74109633
        ],
        "percentile_90": 1.639791355225988e-05,
        "n_iid_samples": 1394,
        "n_steps": 5000,
        "n_walkers": 50,
        "A_PLT_prior": [
            -0.1,
            0.1
        ],
        "T_PLT_prior": [
            -50,
            40
        ],
        "lam_PLT_prior": [
            1,
            15
        ]
    },
    "(3,3)": {
        "autocorrelation_times": [
            14.97008348,
            12.86091514,
            53.58425786
        ],
        "percentile_90": 1.2035153614096133e-05,
        "n_iid_samples": 1632,
        "n_steps": 5000,
        "n_walkers": 50,
        "A_PLT_prior": [
            -0.1,
            0.1
        ],
        "T_PLT_prior": [
            -50,
            40
        ],
        "lam_PLT_prior": [
            1,
            15
        ]
    },
    "(4,4)": {
        "autocorrelation_times": [
            14.278680017202916,
            12.420955180429354,
            44.55137426504399
        ],
        "percentile_90": 7.727752799320936e-06,
        "n_iid_samples": 1964,
        "n_steps": 5000,
        "n_walkers": 50,
        "A_PLT_prior": [
            -0.1,
            0.1
        ],
        "T_PLT_prior": [
            -50,
            40
        ],
        "lam_PLT_prior": [
            1,
            15
        ]
    },
    "(5,5)": {
        "autocorrelation_times": [
            12.455410459708979,
            13.26282730867459,
            45.977192999239186
        ],
        "percentile_90": 5.4403694427219824e-06,
        "n_iid_samples": 1903,
        "n_steps": 5000,
        "n_walkers": 50,
        "A_PLT_prior": [
            -0.1,
            0.1
        ],
        "T_PLT_prior": [
            -50,
            40
        ],
        "lam_PLT_prior": [
            1,
            15
        ]
    },
    "(6,6)": {
        "autocorrelation_times": [
            14.142204701818358,
            13.891951718629679,
            45.698126784368846
        ],
        "percentile_90": 3.6689456485527035e-06,
        "n_iid_samples": 1914,
        "n_steps": 5000,
        "n_walkers": 50,
        "A_PLT_prior": [
            -0.1,
            0.1
        ],
        "T_PLT_prior": [
            -50,
            40
        ],
        "lam_PLT_prior": [
            1,
            15
        ]
    }
}