{
    "(2, 2)": {
        "autocorrelation_times": [
            16.66151926876253,
            14.522445672014248,
            58.180263044210285
        ],
        "percentile_90": 1.6527064991945927e-05,
        "n_iid_samples": 1503,
        "n_steps": 5000,
        "n_walkers": 50,
        "A_PLT_prior": [
            -0.1,
            0.1
        ],
        "T_PLT_prior": [
            -50,
            40
        ],
        "lam_PLT_prior": [
            1,
            15
        ]
    },
    "(3, 3)": {
        "autocorrelation_times": [
            13.659927351939142,
            14.692129451649373,
            52.90148307705918
        ],
        "percentile_90": 1.220320843499188e-05,
        "n_iid_samples": 1654,
        "n_steps": 5000,
        "n_walkers": 50,
        "A_PLT_prior": [
            -0.1,
            0.1
        ],
        "T_PLT_prior": [
            -50,
            40
        ],
        "lam_PLT_prior": [
            1,
            15
        ]
    },
    "(4, 4)": {
        "autocorrelation_times": [
            10.699884862194057,
            11.644400841343023,
            49.40161907306517
        ],
        "percentile_90": 7.798372519301688e-06,
        "n_iid_samples": 1771,
        "n_steps": 5000,
        "n_walkers": 50,
        "A_PLT_prior": [
            -0.1,
            0.1
        ],
        "T_PLT_prior": [
            -50,
            40
        ],
        "lam_PLT_prior": [
            1,
            15
        ]
    },
    "(5, 5)": {
        "autocorrelation_times": [
            11.478321326140557,
            11.968015321296653,
            46.218019509090254
        ],
        "percentile_90": 5.372836003517687e-06,
        "n_iid_samples": 1893,
        "n_steps": 5000,
        "n_walkers": 50,
        "A_PLT_prior": [
            -0.1,
            0.1
        ],
        "T_PLT_prior": [
            -50,
            40
        ],
        "lam_PLT_prior": [
            1,
            15
        ]
    },
    "(6, 6)": {
        "autocorrelation_times": [
            13.804182478018571,
            15.57628485121463,
            47.17190094743331
        ],
        "percentile_90": 3.5930744255654943e-06,
        "n_iid_samples": 1854,
        "n_steps": 5000,
        "n_walkers": 50,
        "A_PLT_prior": [
            -0.1,
            0.1
        ],
        "T_PLT_prior": [
            -50,
            40
        ],
        "lam_PLT_prior": [
            1,
            15
        ]
    }
}